# Some of these names were cracked using hashcat with custom kernel available here: https://github.com/ryanjsims/hashcat/tree/murmur64a
# Others were just guessed
content/env_illuminate/gameplay/il_teslatower
content/env_super_earth/colonies/props/colony_tv_02
content/env_super_earth/habs/containers/box_00
content/env_super_earth/habs/containers/box_01
content/env_super_earth/habs/containers/box_02
content/env_super_earth/habs/containers/box_03
content/env_super_earth/habs/containers/box_04
content/env_super_earth/habs/containers/box_05
content/env_super_earth/habs/containers/box_06
content/env_super_earth/habs/utilities/xl_antenna
content/env_super_earth/habs/utilities/xl_antenna_01
content/env_super_earth/habs/utilities/xl_pipe_connection
content/env_super_earth/habs/utilities/pipeline_ring
content/env_super_earth/habs/utilities/se_pipeline_bend
content/env_super_earth/habs/utilities/habs_lamp_wall_01
content/env_super_earth/habs/utilities/pipeline_curve
content/env_super_earth/habs/utilities/weather_vane_old_01
content/env_super_earth/military_base/utilities/cctv_camera_02_anim
content/objectives/obj_common/truth_transmitter/truth_transmitter_tower_screen_01
content/objectives/obj_common/truth_transmitter/truth_transmitter_tower_screen_02
content/objectives/obj_common/truth_transmitter/truth_transmitter_tower_screen_04
content/objectives/obj_common/truth_transmitter/truth_transmitter_tower_screen_05
content/objectives/obj_common/truth_transmitter/truth_transmitter_tower_screen_06
content/objectives/obj_common/truth_transmitter/truth_transmitter_tower
content/fac_bugs/cha_hunter/cha_hunter_tier3
content/fac_bugs/cha_hunter/cha_hunter_gloom_tier1
content/fac_bugs/cha_hunter/cha_hunter_predator_tier1
content/fac_bugs/cha_impaler/cha_impaler
content/fac_bugs/cha_impaler/cha_impaler_tentacle
content/fac_bugs/cha_stalker/cha_stalker_cloak
content/fac_bugs/cha_strider/cha_strider_bci
content/fac_bugs/cha_warrior/cha_warrior_normal
content/fac_bugs/cha_warrior/cha_warrior_ccras
content/fac_bugs/cha_warrior/cha_warrior_tier_1_sss
content/fac_bugs/cha_warrior/cha_warrior_gloom_tier_1
content/fac_bugs/cha_warrior/cha_warrior_predator_tier_1
content/fac_bugs/cha_warrior_acid/cha_warrior_acid_sss
content/fac_bugs/cha_warrior_acid/cha_warrior_acid_ccras
content/fac_bugs/cha_warrior_big/cha_warrior_big_tier2
content/fac_bugs/cha_warrior_plus/cha_warrior_plus
content/fac_bugs/cha_charger/cha_charger_albedo
content/fac_bugs/cha_stalker/cha_stalker_albedo
content/fac_bugs/cha_scavenger/cha_scavenger_emissive
content/fac_bugs/cha_scavenger/cha_scavenger_gloom
content/fac_bugs/cha_scavenger_predator/cha_scavenger_predator
content/fac_bugs/cha_boomer/cha_boomer_bci
content/fac_bugs/cha_boomer/cha_boomer_ccras
content/fac_bugs/cha_boomer/cha_boomer_normal
content/fac_bugs/cha_boomer/cha_boomer_sss
content/fac_bugs/cha_boomer/cha_boomer_tier_2_bci
content/fac_bugs/cha_boomer/cha_boomer_tier_2_sss
content/fac_bugs/cha_scavenger/cha_scavenger_bci
content/fac_bugs/cha_strider/cha_strider_bci
content/fac_bugs/cha_stalker/cha_stalker_cloak
content/fac_bugs/cha_scavenger/cha_scavenger_cras
content/fac_bugs/cha_charger/cha_charger_normal
content/fac_bugs/cha_scavenger/cha_scavenger_normal
content/fac_bugs/cha_strider/cha_strider_normal
content/fac_bugs/cha_stalker/cha_stalker_normal
content/fac_bugs/cha_charger/cha_charger_sss
content/fac_bugs/cha_scavenger/cha_scavenger_sss
content/fac_bugs/cha_strider/cha_strider_sss
content/fac_bugs/cha_stalker/cha_stalker_sss
content/fac_bugs/cha_hunter/cha_hunter_tongue
content/fac_bugs/cha_charger/cha_charger_ccras
content/fac_bugs/cha_charger_acid/cha_charger_acid_bci
content/fac_bugs/cha_charger_acid/cha_charger_acid_sss
content/fac_bugs/cha_charger_acid/cha_charger_acid_ccras
content/fac_bugs/cha_charger_bull/cha_charger_bull_sss
content/fac_bugs/cha_charger_bull/cha_charger_bull_bci
content/fac_bugs/cha_charger_bull/cha_charger_bull_ccras
content/fac_bugs/cha_scavenger/cha_scavenger_ccras
content/fac_bugs/cha_stalker/cha_stalker_ccras
content/fac_bugs/cha_strider/cha_strider_ccras
content/fac_cyborgs/cha_conscript/cha_conscript_albedo
content/fac_cyborgs/cha_conscript/cha_conscript_mra
content/fac_cyborgs/cha_conscript/cha_conscript_normal
content/fac_cyborgs/cha_conscript/cha_conscript_ivory_legion
content/fac_cyborgs/cha_conscript_commander/cha_conscript_commander
content/fac_cyborgs/cha_lieutenant/cha_lieutenant_assault
content/fac_cyborgs/cha_lieutenant/cha_lieutenant
content/fac_cyborgs/cha_soldier/cha_soldier_cfd
content/fac_cyborgs/cha_berserker/cha_berserker_iron_fleet
content/fac_cyborgs/cha_soldier/cha_soldier_iron_fleet
content/fac_cyborgs/cha_soldier/cha_soldier_machinegun
content/fac_cyborgs/cha_soldier_machinegun/cha_soldier_machinegun
content/fac_cyborgs/turrets/cyborg_tank_turret_rocketlauncher/cyborg_tank_turret_rocketlauncher
content/fac_cyborgs/turrets/cyborg_tank_turret_mortar/cyborg_tank_turret_mortar
content/fac_cyborgs/turrets/cyborg_big_walker_turret_cannon/cyborg_big_walker_turret_cannon
content/fac_cyborgs/vehicles/cyborg_dropship/cyborg_dropship
content/fac_cyborgs/vehicles/cyborg_gunship/cyborg_gunship
content/fac_cyborgs/vehicles/cyborg_tank/cyborg_tank
content/fac_cyborgs/vehicles/cyborg_walker_scout/cyborg_walker_scout
content/fac_cyborgs/vehicles/cyborg_assault_walker/cyborg_assault_walker
content/fac_cyborgs/vehicles/cyborg_spawner/cyborg_spawner
content/fac_helldivers/equipment/backpacks/ammo_backpack/ammo_backpack
content/fac_helldivers/equipment/backpacks/bomb_backpack/bomb_backpack
content/fac_helldivers/equipment/backpacks/drone_mg/drone_mg_backpack
content/fac_helldivers/equipment/backpacks/drone_mg/drone_mg
content/fac_helldivers/equipment/backpacks/drone_mg/drone_mg_weapon
content/fac_helldivers/equipment/backpacks/air_burst_rocket_backpack/air_burst_rocket_backpack
content/fac_helldivers/equipment/backpacks/faf_missile_launcher_helghast_backpack/faf_missile_launcher_helghast_backpack
content/fac_helldivers/equipment/backpacks/hover_backpack/hover_backpack
content/fac_helldivers/capes/medium_cape
content/fac_helldivers/fp_cha_avatar/fp_cha_avatar
content/fac_helldivers/cha_avatar/avatar_helldiver
content/fac_helldivers/equipment/melee_weapons/electric_baton/electric_baton
content/fac_helldivers/equipment/melee_weapons/hand_axe/hand_axe
content/fac_helldivers/equipment/melee_weapons/survival_shovel/survival_shovel
content/fac_helldivers/equipment/melee_weapons/stun_spear/stun_spear
content/fac_helldivers/equipment/primary_weapons/assault_rifle_explosive/assault_rifle_explosive
content/fac_helldivers/equipment/primary_weapons/assault_rifle_helghast/assault_rifle_helghast
content/fac_helldivers/equipment/primary_weapons/assault_rifle_patriot/assault_rifle_patriot
content/fac_helldivers/equipment/primary_weapons/assault_rifle_penetrator/assault_rifle_penetrator
content/fac_helldivers/equipment/primary_weapons/assault_rifle_rico/assault_rifle_rico
content/fac_helldivers/equipment/primary_weapons/assault_shotgun/assault_shotgun
content/fac_helldivers/equipment/primary_weapons/assault_shotgun_incendiary/assault_shotgun_incendiary
content/fac_helldivers/equipment/primary_weapons/assault_shotgun_sprayandpray/assault_shotgun_sprayandpray
content/fac_helldivers/equipment/primary_weapons/battle_rifle/battle_rifle
content/fac_helldivers/equipment/primary_weapons/bolt_action_rifle/bolt_action_rifle
content/fac_helldivers/equipment/primary_weapons/crossbow_greyfax/crossbow_greyfax
content/fac_helldivers/equipment/primary_weapons/flamethrower_ripley/flamethrower_ripley
content/fac_helldivers/equipment/primary_weapons/jet_rifle/jet_rifle
content/fac_helldivers/equipment/primary_weapons/jet_rifle_phoenix/jet_rifle_phoenix
content/fac_helldivers/equipment/primary_weapons/laser_rifle/laser_rifle
content/fac_helldivers/equipment/primary_weapons/laser_rifle_long/laser_rifle_long
content/fac_helldivers/equipment/primary_weapons/laser_rifle_long_hotshot/laser_rifle_long_hotshot
content/fac_helldivers/equipment/primary_weapons/lever_action_rifle_01/lever_action_rifle_01
content/fac_helldivers/equipment/primary_weapons/lmg_stalwart/lmg_stalwart
content/fac_helldivers/equipment/primary_weapons/marksman_rifle_vigilance/marksman_rifle_vigilance
content/fac_helldivers/equipment/primary_weapons/marksman_rifle_vigilance_counter_sniper/marksman_rifle_vigilance_counter_sniper
content/fac_helldivers/equipment/primary_weapons/personal_defense_weapon/personal_defense_weapon
content/fac_helldivers/equipment/primary_weapons/personal_defense_weapon_pepper/personal_defense_weapon_pepper
content/fac_helldivers/equipment/primary_weapons/plasma_rifle/plasma_rifle
content/fac_helldivers/equipment/primary_weapons/plasma_rifle_charge/plasma_rifle_charge
content/fac_helldivers/equipment/primary_weapons/pump_shotgun/pump_shotgun
content/fac_helldivers/equipment/primary_weapons/pump_shotgun_02/pump_shotgun_02
content/fac_helldivers/equipment/primary_weapons/pump_shotgun_dragon/pump_shotgun_dragon
content/fac_helldivers/equipment/primary_weapons/pump_shotgun_plasma/pump_shotgun_plasma
content/fac_helldivers/equipment/primary_weapons/pump_shotgun_slug/pump_shotgun_slug
content/fac_helldivers/equipment/primary_weapons/smg_defender/smg_defender
content/fac_helldivers/equipment/primary_weapons/smg_helghast/smg_helghast
content/fac_helldivers/equipment/primary_weapons/smg_rhino/smg_rhino
content/fac_helldivers/equipment/primary_weapons/sniper_rifle_helghast/sniper_rifle_helghast
content/fac_helldivers/equipment/primary_weapons/triple_barrel_breakshotgun/triple_barrel_breakshotgun
content/fac_helldivers/equipment/sidearm_weapons/magnum_pistol/magnum_pistol
content/fac_helldivers/equipment/sidearm_weapons/flamer_pistol/flamer_pistol
content/fac_helldivers/equipment/sidearm_weapons/plasma_pistol/plasma_pistol
content/fac_helldivers/equipment/sidearm_weapons/grenade_pistol/grenade_pistol
content/fac_helldivers/equipment/sidearm_weapons/pistol_cricket/pistol_cricket
content/fac_helldivers/equipment/sidearm_weapons/stim_pistol_01/stim_pistol
content/fac_helldivers/equipment/sidearm_weapons/energy_revolver/energy_revolver
content/fac_helldivers/equipment/support_weapons/air_burst_rocket_launcher/air_burst_rocket_launcher
content/fac_helldivers/equipment/support_weapons/chemgun/chemgun
content/fac_helldivers/equipment/support_weapons/missile_launcher/missile_launcher
content/fac_helldivers/equipment/support_weapons/faf_missile_launcher_helghast/faf_missile_launcher_helghast
content/fac_helldivers/equipment/support_weapons/faf_missile_helghast/faf_missile_helghast
content/fac_helldivers/equipment/support_weapons/heavy_mg/heavy_mg
content/fac_helldivers/equipment/support_weapons/laser_pulse_cannon/laser_pulse_cannon
content/fac_helldivers/equipment/throwables/antitank_grenade/antitank_grenade
content/fac_helldivers/equipment/throwables/gas_grenade/gas_grenade
content/fac_helldivers/equipment/throwables/incendiary_impact_grenade/incendiary_impact_grenade
content/fac_helldivers/equipment/throwables/sticky_grenade/sticky_grenade
content/fac_helldivers/equipment/throwables/throwing_knife/throwing_knife
content/fac_helldivers/equipment/throwables/tank_mine/tank_mine
content/fac_helldivers/equipment/throwables/gas_mine/gas_mine
content/fac_helldivers/equipment/throwables/incendiary_mine/incendiary_mine
content/fac_helldivers/equipment/throwables/contact_mine/contact_mine
content/fac_helldivers/equipment/throwables/flashbang/flashbang
content/fac_helldivers/hellpod/hellpod/hellpod
content/fac_helldivers/hellpod/hellpod_lid/hellpod_lid
content/fac_helldivers/hellpod/landingzone_beacon/landingzone_beacon
content/fac_helldivers/hellpod/sos_beacon/sos_beacon
content/fac_helldivers/hellpod/mine_launcher_tank_mine/mine_launcher_tank_mine
content/fac_helldivers/hellpod/mine_launcher_gas_mine/mine_launcher_gas_mine
content/fac_helldivers/hellpod/mine_launcher/mine_launcher
content/fac_helldivers/hellpod/flamethrower_turret/flamethrower_turret
content/fac_helldivers/hellpod/turret/turret_ammo_box
content/fac_helldivers/hellpod/turret/turret
content/fac_helldivers/hellpod/expandable_cover/expandable_cover
content/fac_helldivers/hellpod/aa_turret/aa_turret
content/fac_helldivers/hellpod/weapon_rack/weapon_rack
content/fac_helldivers/vehicles/combat_walker_autocannon/combat_walker_autocannon_left
content/fac_helldivers/vehicles/combat_walker_autocannon/combat_walker_autocannon_right
content/fac_helldivers/vehicles/combat_walker_obsidian/combat_walker_obsidian
content/fac_helldivers/vehicles/combat_walker_missile/combat_walker_missile
content/fac_helldivers/vehicles/combat_walker_missle_launcher/combat_walker_missle_launcher
content/fac_helldivers/vehicles/combat_walker_turret/combat_walker_turret
content/fac_helldivers/vehicles/frv/armaments/frv_mg/frv_mg
content/fac_helldivers/vehicles/shuttle_transport/shuttle_transport
content/fac_helldivers/vehicles/shuttle_tanker/shuttle_tanker
content/fac_helldivers/vehicles/eagle/weapons/eagle_bomb
content/fac_helldivers/vehicles/eagle/weapons/eagle_missile
content/env_super_earth/vehicles/city_car_01
content/env_super_earth/vehicles/city_car_02
content/env_super_earth/vehicles/city_car_03
content/env_super_earth/vehicles/city_car_04
content/env_super_earth/vehicles/city_car_05
content/env_super_earth/vehicles/city_car_06
content/env_super_earth/vehicles/city_car_07
content/env_super_earth/vehicles/city_car_08
content/fac_illuminate/cha_brainwashed/cha_brainwashed
content/fac_illuminate/cha_corrupted/cha_corrupted
content/fac_illuminate/cha_corrupted/cha_corrupted_v2
content/fac_illuminate/cha_corrupted/cha_corrupted_v3
content/fac_illuminate/cha_jet_champion/cha_jet_champion
content/fac_illuminate/cha_magus/cha_magus
content/fac_illuminate/vehicles/illuminate_dropship/illuminate_dropship
content/env_cyborg/props/ammobox_01
content/env_cyborg/props/antenna_01
content/env_cyborg/props/fusebox_01
content/env_illuminate/cables/il_cables_001
content/env_illuminate/cables/il_cables_002
content/env_illuminate/cables/il_cables_003
content/env_illuminate/cables/il_cables_004
content/env_illuminate/cables/il_cables_005
content/env_illuminate/cables/il_cables_006
content/env_illuminate/cables/il_cables_007
content/env_illuminate/cables/il_cables_008
content/env_illuminate/cables/il_cables_009
content/env_illuminate/props/il_canister
content/env_illuminate/props/il_container_01
content/env_illuminate/props/il_container_02
content/env_illuminate/props/il_container_03
content/env_illuminate/props/il_container_04
content/env_illuminate/props/il_mobile_cover
content/env_illuminate/props/il_signpost
content/env_illuminate/props/il_walkway_01
content/env_ship/hangar/backwall
content/env_ship/hangar/bay_12m
content/env_ship/hangar/bay_7m
content/env_ship/hangar/bay_7m_doors
content/env_ship/hangar/floor_upper
content/env_ship/hangar/ground_5m
content/env_ship/hangar/wall_bay_12m
content/env_ship/hangar/wall_bay_7m
content/env_super_earth/colonies/buildings/colony_building_angled_01
content/env_super_earth/colonies/buildings/colony_building_large_01_a
content/env_super_earth/colonies/buildings/colony_building_large_01_b
content/env_super_earth/colonies/buildings/colony_building_medium_01_a
content/env_super_earth/colonies/buildings/colony_building_medium_01_b
content/env_super_earth/colonies/buildings/colony_building_medium_03_a
content/env_super_earth/colonies/buildings/colony_building_medium_03_b
content/env_super_earth/colonies/buildings/colony_building_small_01
content/env_super_earth/colonies/buildings/colony_building_small_03
content/env_super_earth/colonies/buildings/colony_building_small_04
content/env_super_earth/colonies/buildings/colony_building_small_05
content/env_super_earth/colonies/buildings/se_colony_small_04
content/env_super_earth/colonies/props/col_roof_prop_03
content/env_super_earth/colonies/props/colony_bollard_01
content/env_super_earth/colonies/props/colony_sign_01
content/env_super_earth/colonies/props/colony_sign_02_a
content/env_super_earth/colonies/props/colony_tunnel
content/env_super_earth/colonies/props/colony_tv_01
content/env_super_earth/colonies/props/colony_tv_05
content/env_super_earth/habs/containers/ammo_box_01
content/env_super_earth/habs/containers/ammo_box_02
content/env_super_earth/habs/containers/ammo_box_03
content/env_super_earth/habs/containers/barrel_01
content/env_super_earth/habs/containers/case_01
content/env_super_earth/habs/containers/case_02
content/env_super_earth/habs/containers/case_03
content/env_super_earth/habs/containers/case_03_2x
content/env_super_earth/habs/containers/case_03_2x2
content/env_super_earth/habs/containers/case_03_3x3
content/env_super_earth/habs/containers/container_01
content/env_super_earth/habs/containers/container_02
content/env_super_earth/habs/containers/container_03
content/env_super_earth/habs/containers/container_04
content/env_super_earth/habs/containers/container_05
content/env_super_earth/habs/containers/container_06
content/env_super_earth/habs/containers/container_07
content/env_super_earth/habs/containers/container_08
content/env_super_earth/habs/containers/jerry_can_01
content/env_super_earth/habs/corpses/gore_pile_01
content/env_super_earth/habs/corpses/habs_corpse_01
content/env_super_earth/habs/corpses/habs_corpse_02
content/env_super_earth/habs/corpses/habs_corpse_03
content/env_super_earth/habs/corpses/habs_corpse_04
content/env_super_earth/habs/corpses/habs_corpse_05
content/env_super_earth/habs/corpses/habs_corpse_06
content/env_super_earth/habs/corpses/habs_corpse_07
content/env_super_earth/habs/props/canned_food_big_01
content/env_super_earth/habs/props/canned_food_medium_01
content/env_super_earth/habs/props/canned_food_medium_02
content/env_super_earth/habs/props/canned_food_small_01
content/env_super_earth/habs/props/canned_food_small_02
content/env_super_earth/habs/props/cardboard_box_large
content/env_super_earth/habs/props/cardboard_box_medium
content/env_super_earth/habs/props/cardboard_box_small
content/env_super_earth/habs/props/colony_sign_01
content/env_super_earth/habs/props/colony_sign_01_light_01
content/env_super_earth/habs/props/concrete_barrier_02
content/env_super_earth/habs/props/container_01
content/env_super_earth/habs/props/container_02
content/env_super_earth/habs/props/container_03
content/env_super_earth/habs/props/container_04
content/env_super_earth/habs/props/container_05
content/env_super_earth/habs/props/container_06
content/env_super_earth/habs/props/container_07
content/env_super_earth/habs/props/container_08
content/env_super_earth/habs/props/container_09
content/env_super_earth/habs/props/container_10
content/env_super_earth/habs/props/container_11
content/env_super_earth/habs/props/food_tray_01
content/env_super_earth/habs/props/generator_box_01
content/env_super_earth/habs/props/habs_beer_bottle_01
content/env_super_earth/habs/props/habs_crate_beer_small_01
content/env_super_earth/habs/props/habs_crate_large_01
content/env_super_earth/habs/props/habs_crate_large_01_1x2
content/env_super_earth/habs/props/habs_crate_medium_01
content/env_super_earth/habs/props/habs_crate_small_02
content/env_super_earth/habs/props/habs_fence_01
content/env_super_earth/habs/props/habs_fence_3x
content/env_super_earth/habs/props/habs_fence_gate_01
content/env_super_earth/habs/props/habs_fence_rural_01
content/env_super_earth/habs/props/habs_parkbench_01
content/env_super_earth/habs/props/habs_signal_light_01
content/env_super_earth/habs/props/habs_tablet
content/env_super_earth/habs/props/habs_tablet_02
content/env_super_earth/habs/props/headstone_01
content/env_super_earth/habs/props/headstone_02
content/env_super_earth/habs/props/headstone_03
content/env_super_earth/habs/props/headstone_04
content/env_super_earth/habs/props/jerrycan_01
content/env_super_earth/habs/props/marquee_01
content/env_super_earth/habs/props/patiochair_small_01
content/env_super_earth/habs/props/patiotable_small_01
content/env_super_earth/habs/props/portable_fryingpan_01
content/env_super_earth/habs/props/portable_pot_01
content/env_super_earth/habs/props/props_trash_01
content/env_super_earth/habs/props/railing_1m
content/env_super_earth/habs/props/railing_1m_cover
content/env_super_earth/habs/props/railing_2m
content/env_super_earth/habs/props/railing_2m_cover
content/env_super_earth/habs/props/railing_corner
content/env_super_earth/habs/props/railing_corner_cover
content/env_super_earth/habs/props/tire_stack_01
content/env_super_earth/habs/props/tire_stack_02
content/env_super_earth/habs/props/tire_stack_03
content/env_super_earth/habs/props/tire_stack_04
content/env_super_earth/habs/props/tire_stack_05
content/env_super_earth/habs/props/tire_stack_06
content/env_super_earth/habs/props/trashbin_01
content/env_super_earth/habs/props/trashbin_02
content/env_super_earth/habs/props/trashbin_lid_01
content/env_super_earth/habs/signs/poster_propaganda_01
content/env_super_earth/habs/signs/poster_propaganda_02
content/env_super_earth/habs/signs/poster_propaganda_03
content/env_super_earth/habs/signs/poster_propaganda_04
content/env_super_earth/habs/signs/poster_propaganda_05
content/env_super_earth/habs/signs/poster_propaganda_06
content/env_super_earth/habs/signs/poster_sign_cyberstan
content/env_super_earth/habs/signs/poster_sign_infestation
content/env_super_earth/habs/signs/se_sign_break_area_01
content/env_super_earth/habs/signs/se_sign_do_not_enter_01
content/env_super_earth/habs/signs/se_sign_empty_01
content/env_super_earth/habs/signs/se_sign_icbm_site_01
content/env_super_earth/habs/signs/se_sign_no_loitering_01
content/env_super_earth/habs/signs/se_sign_noentry_01
content/env_super_earth/habs/signs/se_sign_noentry_02
content/env_super_earth/habs/signs/se_sign_opening_hours_01
content/env_super_earth/habs/signs/se_sign_protection_gear_01
content/env_super_earth/habs/signs/se_sign_warning_electricity_01
content/env_super_earth/habs/signs/se_sign_warning_explosives_01
content/env_super_earth/habs/utilities/habs_antenna_roof_01
content/env_super_earth/habs/utilities/habs_garage_door_01
content/env_super_earth/habs/utilities/habs_groundplate_01
content/env_super_earth/habs/utilities/habs_plantationbox_6m_01
content/env_super_earth/habs/utilities/habs_spherical_oil_tank_01
content/env_super_earth/habs/utilities/habs_spherical_tank_large_01
content/env_super_earth/habs/utilities/habs_storage_wall_01
content/env_super_earth/habs/utilities/habs_ventilation_roof_01
content/env_super_earth/habs/utilities/habs_ventilation_roof_05
content/env_super_earth/habs/utilities/habs_ventilation_roof_06
content/env_super_earth/habs/utilities/habs_ventilation_roof_08
content/env_super_earth/habs/utilities/habs_ventilation_wall_010
content/env_super_earth/habs/utilities/habs_ventilation_wall_013
content/env_super_earth/habs/utilities/habs_ventilation_wall_02
content/env_super_earth/habs/utilities/habs_ventilation_wall_03
content/env_super_earth/habs/utilities/habs_ventilation_wall_05
content/env_super_earth/habs/utilities/habs_ventilation_wall_06
content/env_super_earth/habs/utilities/habs_ventilation_wall_08
content/env_super_earth/habs/utilities/large_solar_panel_01
content/env_super_earth/habs/utilities/pipeline_curve_floating
content/env_super_earth/habs/utilities/pipeline_end
content/env_super_earth/habs/utilities/pipeline_straight
content/env_super_earth/habs/utilities/pipeline_tsection
content/env_super_earth/habs/utilities/se_pipeline_straight_4x
content/env_super_earth/habs/utilities/small_pipes_connection
content/env_super_earth/habs/utilities/tracking_solar_panel_01
content/env_super_earth/habs/utilities/xl_elbow_90_down_sharp
content/env_super_earth/habs/utilities/xl_elbow_90_side_sharp
content/env_super_earth/habs/utilities/xl_pipe_1x
content/env_super_earth/habs/utilities/xl_pipe_2x_01
content/env_super_earth/habs/utilities/xl_pipe_accessory_01
content/env_super_earth/habs/utilities/xl_pipe_connection_01
content/env_super_earth/habs/utilities/xl_pipe_electrical_grid
content/env_super_earth/habs/walls/habs_wall_weather_2m_01
content/env_super_earth/habs/walls/habs_wall_weather_3m_01
content/env_super_earth/habs/walls/habs_wall_weather_end_01
content/env_super_earth/habs/walls/habs_wall_weather_end_02
content/env_super_earth/military_base/barrels/barrel_02
content/env_super_earth/military_base/barrels/se_barrel_2x
content/env_super_earth/military_base/gate_02/gate_02
content/env_super_earth/military_base/hangar/box_supplies_01
content/env_super_earth/military_base/hangar/crate_large_01
content/env_super_earth/military_base/hangar/crate_medium_01
content/env_super_earth/military_base/hangar/crate_medium_01_stack
content/env_super_earth/military_base/hangar/crate_small_02
content/env_super_earth/military_base/hangar/pallet_01
content/env_super_earth/military_base/signs/sign_biohazard_warning
content/env_super_earth/military_base/signs/sign_bullseye
content/env_super_earth/military_base/signs/sign_demolition_range
content/env_super_earth/military_base/signs/sign_extraction
content/env_super_earth/military_base/signs/sign_grenade_bug
content/env_super_earth/military_base/signs/sign_helldiver_cape
content/env_super_earth/military_base/signs/sign_maintain_safe_distance
content/env_super_earth/military_base/signs/sign_recommended_movement
content/env_super_earth/military_base/signs/sign_safe_grenade_use
content/env_super_earth/military_base/signs/sign_warning_dont_swim
content/env_super_earth/military_base/signs/sign_warning_hellpod
content/env_super_earth/military_base/signs/sign_warning_keep_out_turret_fire
content/env_super_earth/military_base/utilities/base_light_01_head_01
content/env_super_earth/military_base/utilities/cctv_camera_01
content/env_super_earth/military_base/utilities/generator_lamp_01
content/env_super_earth/military_base/utilities/generator_lamp_02
content/env_super_earth/military_base/utilities/generator_lamp_head_01
content/env_super_earth/military_base/utilities/pipes_pile_01
content/env_super_earth/military_base/utilities/pipes_singlepipe_01
content/env_super_earth/military_base/utilities/portable_toilet_01
content/env_super_earth/military_base/utilities/solar_panel_01
content/env_super_earth/samples/research_artifact_sample_01
content/env_super_earth/samples/research_bio_sample_01
content/env_super_earth/samples/research_sample_01
content/env_super_earth/samples/research_tech_sample_01
content/env_super_earth/tutorial/cape_podium_01
content/env_super_earth/wartorn/wartorn_frv_01
content/env_super_earth/wartorn/wartorn_lav_01
content/fac_helldivers/equipment/sample_pouch/sample_pouch
content/env_cyborg/bases/props/cy_crate_01
content/env_cyborg/corpses/berserker_corpse_01
content/env_cyborg/corpses/conscript_arm_01
content/env_cyborg/corpses/conscript_body_01
content/env_cyborg/corpses/conscript_corpse_01
content/env_cyborg/corpses/conscript_corpse_02
content/env_cyborg/corpses/conscript_corpse_03
content/env_cyborg/corpses/conscript_gore_pile_01
content/env_cyborg/corpses/conscript_head_01
content/env_cyborg/corpses/conscript_leg_01
content/env_cyborg/corpses/cy_walker_scout_body_damaged
content/env_cyborg/corpses/cy_walker_scout_left_leg
content/env_cyborg/corpses/cy_walker_scout_right_leg
content/env_cyborg/corpses/lieutentant_corpse_01
content/env_cyborg/corpses/soldier_corpse_01
content/env_cyborg/props/ammocrate_closed_01
content/env_cyborg/props/ammocrate_closed_big_01
content/env_cyborg/props/ammocrate_empty_01
content/env_cyborg/props/ammocrate_lid_01
content/env_cyborg/props/ammocrate_open_01
content/env_cyborg/props/barbwire_spool_01
content/env_cyborg/props/bunker_door_01
content/env_cyborg/props/crate_big_empty_01
content/env_cyborg/props/crate_big_empty_lid_01
content/env_cyborg/props/cy_ammocrate_big_stack_01
content/env_cyborg/props/cy_ammocrate_big_stack_02
content/env_cyborg/props/cy_ammocrate_stack_x2
content/env_cyborg/props/cy_ammocrate_stack_x4
content/env_cyborg/props/cy_artillery_shell_empty_01
content/env_cyborg/props/cy_artillery_shell_empty_pile_big_01
content/env_cyborg/props/cy_artillery_shell_empty_pile_small_01
content/env_cyborg/props/cy_artillery_shell_loaded_01
content/env_cyborg/props/cy_artillery_shell_stack_01
content/env_cyborg/props/cy_artillery_shell_stack_02
content/env_cyborg/props/cy_battery_empty_01
content/env_cyborg/props/cy_battery_empty_4x
content/env_cyborg/props/cy_crate_big_with_lid_01
content/env_cyborg/props/cy_detained_prisoners_01
content/env_cyborg/props/cy_detained_prisoners_02
content/env_cyborg/props/cy_detained_prisoners_03
content/env_cyborg/props/cy_robot_arm
content/env_cyborg/props/cy_trash_set_01
content/env_cyborg/props/cy_trash_set_02
content/env_cyborg/props/generator_01
content/env_cyborg/props/weaponcrate_closed_01
content/env_cyborg/signs/sign_electricity_01
content/env_cyborg/signs/sign_propaganda_01
content/env_cyborg/signs/sign_spawner_01
content/env_illuminate/corpses/il_corpse_lyingdown_01
content/env_illuminate/corpses/il_corpse_pile_01
content/env_illuminate/corpses/il_corpse_pile_large_01
content/env_illuminate/corpses/il_corpse_pile_large_02
content/env_illuminate/corpses/il_corpse_pile_large_03
content/env_illuminate/corpses/il_corpse_sitting_01
content/env_illuminate/corpses/il_corpse_sitting_02
content/env_ship/bridge/bridge_collision
content/env_ship/bridge/bridge_galaxy_table_01
content/env_ship/bridge/bureau_terminals
content/env_ship/bridge/hellpod_launcher
content/env_ship/bridge/hellpod_launcher_blocker
content/env_ship/bridge/weapon_wall_01
content/env_ship/hangar/airlock_floor
content/env_ship/hangar/bay_10m_doors
content/env_ship/hangar/bay_10m_strategm
content/env_ship/hangar/bay_12m_doors
content/env_ship/hangar/floor_upper_02
content/env_ship/hangar/floor_upper_variation_01
content/env_ship/hangar/hangar_floor_collision
content/env_ship/hangar/logistics_area/electric_box_01
content/env_ship/hangar/logistics_area/floor_pad_01
content/env_ship/hangar/logistics_area/floor_rails_door_01
content/env_ship/hangar/logistics_area/floor_rails_door_02
content/env_ship/hangar/logistics_area/footpad_01
content/env_ship/hangar/logistics_area/rails_01
content/env_ship/hangar/logistics_area/ramp_01
content/env_ship/hangar/logistics_area/terminal_lamp_01
content/env_ship/hangar/logistics_area/wall_block_01
content/env_ship/hangar/props/counter_corner_01
content/env_ship/hangar/props/counter_door_01
content/env_ship/hangar/props/counter_straight_01
content/env_ship/hangar/props/engineering_computer
content/env_ship/hangar/props/store_screen_large
content/env_ship/hangar/shiphub_collision
content/env_ship/hangar/stratagem_hero
content/env_ship/hangar/stratagem_screen
content/env_ship/hangar/teleporter_area
content/env_ship/hangar/wall_hullseam_a
content/env_ship/hangar/wall_support_a
content/env_ship/hangar/wall_upper_5m
content/env_ship/props/flag_hanging_01
content/env_ship/props/flag_hanging_01_simple
content/env_ship/props/hangar_crate_large_01
content/env_ship/props/hangar_crate_medium_01
content/env_ship/props/hangar_crate_small_01
content/env_ship/props/hangar_crate_small_02
content/env_super_earth/habs/props/se_flagpole_01
content/objectives/obj_bugs/thumper/thumper
content/objectives/obj_common/black_box/black_box_01
content/objectives/obj_common/dropoff/dropoff_01
content/objectives/obj_common/oil_pump/oil_pump_valve
content/objectives/obj_common/raise_flag/carry_flag_01
content/objectives/obj_common/raise_flag/hellpod_flag
content/objectives/obj_illuminate/il_encounter_ship/il_encounter_ship_landed
content/objectives/obj_illuminate/il_monolith/il_monolith
content/fac_helldivers/capes/shock_trooper_cape
content/fac_helldivers/cha_avatar/gear/sample_pouch/sample_pouch
content/fac_helldivers/equipment/sample_pouch/sample_pouch
content/env_bugs/assets/bug_goop/bug_goop_pillow_01
content/env_bugs/assets/bug_goop/bug_goop_pillow_02
content/env_bugs/assets/bug_goop/bug_goop_pillow_03
content/env_bugs/assets/bug_hive/spore_cluster_01
content/env_bugs/assets/bug_hive/spore_cluster_02
content/env_bugs/assets/bug_hive/spore_cluster_03
content/env_bugs/assets/bug_hive/spore_cluster_04
content/env_bugs/assets/bug_hive/spore_light_01
content/env_bugs/assets/bug_hive/spore_light_01_objective
content/env_bugs/assets/bug_hive/spore_light_02
content/env_bugs/assets/bug_hive/spore_light_02_objective
content/env_bugs/assets/bug_rocks/bug_hive_wall_large
content/env_bugs/assets/bug_rocks/bug_hive_wall_medium
content/env_bugs/assets/bug_rocks/bug_hive_wall_small
content/env_bugs/assets/bug_rocks/bug_idol_01
content/env_bugs/assets/bug_rocks/bug_rock_cliff_face_01
content/env_bugs/assets/bug_rocks/bug_rock_cliff_face_02
content/env_bugs/assets/bug_rocks/bug_rock_climbing_01
content/env_bugs/assets/bug_rocks/bug_rock_flat_01
content/env_bugs/assets/bug_rocks/bug_rock_hole_01
content/env_bugs/assets/bug_rocks/bug_rock_massive_01
content/env_bugs/assets/bug_rocks/bug_rock_medium_01
content/env_bugs/assets/bug_rocks/bug_rock_medium_02
content/env_bugs/assets/bug_rocks/bug_rock_medium_03
content/env_bugs/assets/bug_rocks/bug_rock_pillar_01
content/env_bugs/assets/bug_rocks/bug_rock_pillar_02
content/env_bugs/assets/bug_rocks/bug_rock_pillar_03
content/env_bugs/assets/bug_rocks/bug_rock_small_01
content/env_bugs/assets/bug_rocks/bug_rock_spike_01
content/env_bugs/assets/bug_rocks/bug_rock_spike_02
content/env_bugs/assets/bug_rocks/bug_rock_wall_01
content/env_bugs/assets/bug_rocks/bug_rock_wall_02
content/env_bugs/assets/bug_rocks/bug_rock_wall_03
content/env_bugs/assets/bug_rocks/bug_rock_wall_04
content/env_bugs/assets/bug_rocks/bug_rock_wall_detail_01
content/env_bugs/assets/bug_rocks/bug_rock_wall_detail_02
content/env_bugs/assets/bug_rocks/bug_rock_wall_slanted_01
content/env_bugs/assets/bug_web/bug_cluster_01
content/env_bugs/assets/bug_web/bug_cluster_02
content/env_bugs/assets/bug_web/bug_web_01
content/env_bugs/assets/bug_web/bug_web_02
content/env_bugs/assets/bug_web/bug_web_05
content/env_bugs/assets/bug_web/bug_web_06
content/env_bugs/assets/bug_web/bug_web_07
content/env_bugs/assets/bug_web/bug_web_08
content/env_bugs/assets/gameplay/bug_spawner_decoration_01
content/env_bugs/assets/gameplay/bug_spawner_large_01
content/env_bugs/assets/gameplay/bug_spawner_medium_01
content/env_bugs/assets/gameplay/bug_spawner_small_01
content/env_bugs/assets/gameplay/colony_bug_spawner_01
content/env_cyborg/bases/industrial/cy_barrier_fence
content/env_cyborg/bases/industrial/cy_barrier_fence_corner_01
content/env_cyborg/bases/industrial/cy_barrier_fence_small_01
content/env_cyborg/bases/industrial/cy_fence_3x
content/env_cyborg/bases/props/cy_barrel_01
content/env_cyborg/bases/props/cy_barrels_1x2
content/env_cyborg/bases/props/cy_container_01
content/env_cyborg/bases/props/cy_container_small_01
content/env_cyborg/bases/props/cy_crate_01_1x2
content/env_cyborg/bases/props/cy_crate_01_2stack
content/env_cyborg/bases/props/cy_crate_open_01
content/env_super_earth/colonies/props/colony_antenna_big_01
content/env_super_earth/colonies/props/colony_antenna_big_03
content/env_super_earth/colonies/props/colony_billboard_01
content/env_super_earth/colonies/props/colony_bollard_01_3x
content/env_super_earth/colonies/props/colony_cable_10m_a
content/env_super_earth/colonies/props/colony_cable_10m_b
content/env_super_earth/colonies/props/colony_cable_20m_a
content/env_super_earth/colonies/props/colony_cable_20m_b
content/env_super_earth/colonies/props/colony_camera_pole
content/env_super_earth/colonies/props/colony_capsule_antenna
content/env_super_earth/colonies/props/colony_checkpoint_barrier_01
content/env_super_earth/colonies/props/colony_checkpoint_kiosk_01
content/env_super_earth/colonies/props/colony_dumpster_01
content/env_super_earth/colonies/props/colony_electric_street_box_01
content/env_super_earth/colonies/props/colony_electric_street_box_02
content/env_super_earth/colonies/props/colony_fire_hydrant_01
content/env_super_earth/colonies/props/colony_pipes_prefab_01
content/env_super_earth/colonies/props/colony_pipes_prefab_02
content/env_super_earth/colonies/props/colony_pipes_prefab_03
content/env_super_earth/colonies/props/colony_pipes_prefab_04
content/env_super_earth/colonies/props/colony_pipes_prefab_05
content/env_super_earth/colonies/props/colony_pipes_prefab_06
content/env_super_earth/colonies/props/colony_pipes_prefab_07
content/env_super_earth/colonies/props/colony_planter_1m_01
content/env_super_earth/colonies/props/colony_planter_2m_01
content/env_super_earth/colonies/props/colony_planter_4m_01
content/env_super_earth/colonies/props/colony_railing_1m_noplate
content/env_super_earth/colonies/props/colony_railing_2m_noplate
content/env_super_earth/colonies/props/colony_railing_4m_noplate
content/env_super_earth/colonies/props/colony_railing_corner_noplate
content/env_super_earth/colonies/props/colony_roof_prop_01
content/env_super_earth/colonies/props/colony_roof_prop_02
content/env_super_earth/colonies/props/colony_roof_prop_04
content/env_super_earth/colonies/props/colony_roof_trim_pipes_01
content/env_super_earth/colonies/props/colony_solar_panel
content/env_super_earth/colonies/props/colony_trashcan_01
content/env_super_earth/colonies/props/colony_wall_pillar_01
content/env_super_earth/colonies/props/colony_wall_segment_12m_damaged
content/env_super_earth/colonies/props/colony_wall_segment_2m5_01
content/env_super_earth/colonies/props/colony_wall_segment_2m5_damaged
content/env_super_earth/colonies/props/colony_wall_segment_4m_01
content/env_super_earth/colonies/props/colony_wall_segment_4m_01_3x
content/env_super_earth/habs/props/se_flag_ceremonial_01
content/env_super_earth/habs/props/se_flag_ceremonial_02
content/env_super_earth/habs/props/se_flag_horizontal_01
content/env_super_earth/habs/props/se_flag_horizontal_01_ripped
content/env_super_earth/habs/props/se_flag_horizontal_02
content/env_super_earth/habs/props/se_flag_horizontal_03
content/env_super_earth/habs/props/se_flag_horizontal_04
content/env_super_earth/habs/props/se_flag_vertical_01
content/env_super_earth/habs/props/se_flagpole_01_ripped
content/env_bugs/assets/bug_goop/bug_goop_pillow_01
content/env_bugs/assets/bug_goop/bug_goop_pillow_02
content/env_bugs/assets/bug_goop/bug_goop_pillow_03
content/env_bugs/assets/bug_hive/spore_cluster_01
content/env_bugs/assets/bug_hive/spore_cluster_02
content/env_bugs/assets/bug_hive/spore_cluster_03
content/env_bugs/assets/bug_hive/spore_cluster_04
content/env_bugs/assets/bug_hive/spore_light_01
content/env_bugs/assets/bug_hive/spore_light_01_objective
content/env_bugs/assets/bug_hive/spore_light_02
content/env_bugs/assets/bug_hive/spore_light_02_objective
content/env_bugs/assets/bug_rocks/bug_hive_wall_large
content/env_bugs/assets/bug_rocks/bug_hive_wall_medium
content/env_bugs/assets/bug_rocks/bug_hive_wall_small
content/env_bugs/assets/bug_rocks/bug_idol_01
content/env_bugs/assets/bug_rocks/bug_rock_cliff_face_01
content/env_bugs/assets/bug_rocks/bug_rock_cliff_face_02
content/env_bugs/assets/bug_rocks/bug_rock_climbing_01
content/env_bugs/assets/bug_rocks/bug_rock_flat_01
content/env_bugs/assets/bug_rocks/bug_rock_hole_01
content/env_bugs/assets/bug_rocks/bug_rock_massive_01
content/env_bugs/assets/bug_rocks/bug_rock_medium_01
content/env_bugs/assets/bug_rocks/bug_rock_medium_02
content/env_bugs/assets/bug_rocks/bug_rock_medium_03
content/env_bugs/assets/bug_rocks/bug_rock_pillar_01
content/env_bugs/assets/bug_rocks/bug_rock_pillar_02
content/env_bugs/assets/bug_rocks/bug_rock_pillar_03
content/env_bugs/assets/bug_rocks/bug_rock_small_01
content/env_bugs/assets/bug_rocks/bug_rock_spike_01
content/env_bugs/assets/bug_rocks/bug_rock_spike_02
content/env_bugs/assets/bug_rocks/bug_rock_wall_01
content/env_bugs/assets/bug_rocks/bug_rock_wall_02
content/env_bugs/assets/bug_rocks/bug_rock_wall_03
content/env_bugs/assets/bug_rocks/bug_rock_wall_04
content/env_bugs/assets/bug_rocks/bug_rock_wall_detail_01
content/env_bugs/assets/bug_rocks/bug_rock_wall_detail_02
content/env_bugs/assets/bug_rocks/bug_rock_wall_slanted_01
content/env_bugs/assets/bug_web/bug_cluster_01
content/env_bugs/assets/bug_web/bug_cluster_02
content/env_bugs/assets/bug_web/bug_web_01
content/env_bugs/assets/bug_web/bug_web_02
content/env_bugs/assets/bug_web/bug_web_05
content/env_bugs/assets/bug_web/bug_web_06
content/env_bugs/assets/bug_web/bug_web_07
content/env_bugs/assets/bug_web/bug_web_08
content/env_bugs/assets/gameplay/bug_spawner_decoration_01
content/env_bugs/assets/gameplay/bug_spawner_large_01
content/env_bugs/assets/gameplay/bug_spawner_medium_01
content/env_bugs/assets/gameplay/bug_spawner_small_01
content/env_bugs/assets/gameplay/colony_bug_spawner_01
content/env_cyborg/bases/industrial/cy_barrier_fence
content/env_cyborg/bases/industrial/cy_barrier_fence_corner_01
content/env_cyborg/bases/industrial/cy_barrier_fence_small_01
content/env_cyborg/bases/industrial/cy_fence_3x
content/env_cyborg/bases/props/cy_barrel_01
content/env_cyborg/bases/props/cy_barrels_1x2
content/env_cyborg/bases/props/cy_container_01
content/env_cyborg/bases/props/cy_container_small_01
content/env_cyborg/bases/props/cy_crate_01_1x2
content/env_cyborg/bases/props/cy_crate_01_2stack
content/env_cyborg/bases/props/cy_crate_open_01
content/env_super_earth/colonies/props/colony_antenna_big_01
content/env_super_earth/colonies/props/colony_antenna_big_03
content/env_super_earth/colonies/props/colony_billboard_01
content/env_super_earth/colonies/props/colony_bollard_01_3x
content/env_super_earth/colonies/props/colony_cable_10m_a
content/env_super_earth/colonies/props/colony_cable_10m_b
content/env_super_earth/colonies/props/colony_cable_20m_a
content/env_super_earth/colonies/props/colony_cable_20m_b
content/env_super_earth/colonies/props/colony_camera_pole
content/env_super_earth/colonies/props/colony_capsule_antenna
content/env_super_earth/colonies/props/colony_checkpoint_barrier_01
content/env_super_earth/colonies/props/colony_checkpoint_kiosk_01
content/env_super_earth/colonies/props/colony_dumpster_01
content/env_super_earth/colonies/props/colony_electric_street_box_01
content/env_super_earth/colonies/props/colony_electric_street_box_02
content/env_super_earth/colonies/props/colony_fire_hydrant_01
content/env_super_earth/colonies/props/colony_pipes_prefab_01
content/env_super_earth/colonies/props/colony_pipes_prefab_02
content/env_super_earth/colonies/props/colony_pipes_prefab_03
content/env_super_earth/colonies/props/colony_pipes_prefab_04
content/env_super_earth/colonies/props/colony_pipes_prefab_05
content/env_super_earth/colonies/props/colony_pipes_prefab_06
content/env_super_earth/colonies/props/colony_pipes_prefab_07
content/env_super_earth/colonies/props/colony_planter_1m_01
content/env_super_earth/colonies/props/colony_planter_2m_01
content/env_super_earth/colonies/props/colony_planter_4m_01
content/env_super_earth/colonies/props/colony_railing_1m_noplate
content/env_super_earth/colonies/props/colony_railing_2m_noplate
content/env_super_earth/colonies/props/colony_railing_4m_noplate
content/env_super_earth/colonies/props/colony_railing_corner_noplate
content/env_super_earth/colonies/props/colony_roof_prop_01
content/env_super_earth/colonies/props/colony_roof_prop_02
content/env_super_earth/colonies/props/colony_roof_prop_04
content/env_super_earth/colonies/props/colony_roof_trim_pipes_01
content/env_super_earth/colonies/props/colony_solar_panel
content/env_super_earth/colonies/props/colony_trashcan_01
content/env_super_earth/colonies/props/colony_wall_pillar_01
content/env_super_earth/colonies/props/colony_wall_segment_12m_damaged
content/env_super_earth/colonies/props/colony_wall_segment_2m5_01
content/env_super_earth/colonies/props/colony_wall_segment_2m5_damaged
content/env_super_earth/colonies/props/colony_wall_segment_4m_01
content/env_super_earth/colonies/props/colony_wall_segment_4m_01_3x
content/env_super_earth/habs/props/se_flag_ceremonial_01
content/env_super_earth/habs/props/se_flag_ceremonial_02
content/env_super_earth/habs/props/se_flag_horizontal_01
content/env_super_earth/habs/props/se_flag_horizontal_01_ripped
content/env_super_earth/habs/props/se_flag_horizontal_02
content/env_super_earth/habs/props/se_flag_horizontal_03
content/env_super_earth/habs/props/se_flag_horizontal_04
content/env_super_earth/habs/props/se_flag_vertical_01
content/env_super_earth/habs/props/se_flagpole_01_ripped
content/env_super_earth/habs/containers/box_02_2stack
content/env_super_earth/habs/containers/box_03_2stack
content/env_super_earth/habs/containers/box_05_2stack
content/env_super_earth/habs/containers/box_06_2stack
content/env_super_earth/habs/containers/box_variation_01
content/env_super_earth/habs/containers/box_variation_02
content/env_super_earth/habs/containers/case_02_2stacked
content/env_super_earth/habs/containers/crate_tarp_01
content/env_super_earth/habs/containers/crate_tarp_02
content/env_super_earth/habs/containers/crate_tarp_03
content/env_super_earth/habs/containers/crate_tarp_04
content/env_super_earth/habs/containers/crate_tarp_05
content/env_super_earth/habs/containers/habs_container_large_01
content/env_super_earth/habs/containers/habs_container_large_02
content/env_super_earth/habs/containers/habs_container_large_03
content/env_super_earth/habs/containers/large_crate_01
content/env_super_earth/habs/containers/large_crate_01_1x2
content/env_super_earth/habs/containers/se_barrel_01_2x
content/env_super_earth/habs/containers/smuggler_cache_02
content/env_super_earth/habs/containers/supply_container_01
content/env_super_earth/habs/containers/supply_container_01_2stack
content/env_super_earth/habs/containers/supply_container_01_2x
content/env_super_earth/habs/containers/supply_container_01_2x1
content/env_super_earth/habs/containers/supply_container_02
content/env_super_earth/habs/corpses/gore_pile_sparse_01
content/env_super_earth/habs/corpses/habs_corpse_arm_01
content/env_super_earth/habs/corpses/habs_corpse_arm_02
content/env_super_earth/habs/corpses/habs_corpse_body_01
content/env_super_earth/habs/corpses/habs_corpse_head_01
content/env_super_earth/habs/corpses/habs_corpse_leg_01
content/env_super_earth/habs/props/hubcap_01
content/env_super_earth/habs/props/tire_01
content/env_super_earth/habs/props/tire_02
content/env_super_earth/habs/props/tire_03
content/fac_helldivers/equipment/backpacks/drone_generic_backpack/drone_generic_backpack
content/fac_helldivers/equipment/throwables/dynamite/dynamite
content/fac_helldivers/equipment/throwables/self_destruct_drone/self_destruct_drone
content/fac_helldivers/hellpod/aa_turret_wreck/aa_turret_wreck
content/fac_helldivers/hellpod/ammo_rack/ammo_rack
content/fac_helldivers/hellpod/antitank_emplacement/antitank_emplacement
content/fac_helldivers/hellpod/drilling_charge/drilling_charge
content/fac_helldivers/hellpod/hellbomb_defunct/hellbomb_defunct
content/fac_helldivers/hellpod/hellpod_jammed/hellpod_jammed
content/fac_helldivers/hellpod/mortar_turret_wreck/mortar_turret_wreck
content/fac_helldivers/equipment/backpacks/directional_energy_shield/directional_energy_shield
content/fac_helldivers/equipment/backpacks/directional_energy_shield/directional_energy_shield_backpack
content/fac_helldivers/equipment/backpacks/drone_gas_projector_backpack/drone_gas_projector_backpack
content/fac_helldivers/equipment/backpacks/drone_mg/drome_mg_magazine
content/fac_helldivers/equipment/backpacks/drone_generic/drone_generic
content/fac_helldivers/equipment/attachment/magazine/assaultrifle_drum_magazine
content/fac_helldivers/equipment/attachment/magazine/assaultrifle_extended_magazine
content/fac_helldivers/equipment/attachment/magazine/assaultrifle_standard_magazine
content/fac_helldivers/equipment/attachment/magazine/assaultshotgun_box_magazine
content/fac_helldivers/equipment/attachment/magazine/assaultshotgun_box_magazine_extended
content/fac_helldivers/equipment/attachment/magazine/assaultshotgun_drum_magazine
content/fac_helldivers/equipment/attachment/magazine/chemgun_cannister
content/fac_helldivers/equipment/attachment/magazine/faf_missile_standard
content/fac_helldivers/equipment/attachment/magazine/flamer_pistol_canister
content/fac_helldivers/equipment/attachment/magazine/flamethrower_canister
content/fac_helldivers/equipment/attachment/magazine/grenade_40mm_frag
content/fac_helldivers/equipment/attachment/magazine/heavy_mg_box_large
content/fac_helldivers/equipment/attachment/magazine/hotshot_heatsink
content/fac_helldivers/equipment/attachment/magazine/jet_rifle_drum_magazine
content/fac_helldivers/equipment/attachment/magazine/laser_battery_large
content/fac_helldivers/equipment/attachment/magazine/laser_battery_medium
content/fac_helldivers/equipment/attachment/magazine/laser_battery_small
content/fac_helldivers/equipment/attachment/magazine/lmg_box_large
content/fac_helldivers/equipment/attachment/magazine/lmg_box_small
content/fac_helldivers/equipment/attachment/magazine/machinegun_box_large
content/fac_helldivers/equipment/attachment/magazine/machinegun_box_small
content/fac_helldivers/equipment/attachment/magazine/magazine_heatsink_revolver
content/fac_helldivers/equipment/attachment/magazine/magazine_plasma_medium_extended
content/fac_helldivers/equipment/attachment/magazine/magazine_plasma_medium_standard
content/fac_helldivers/equipment/attachment/magazine/magazine_plasma_pistol_extended
content/fac_helldivers/equipment/attachment/magazine/magazine_plasma_pistol_standard
content/fac_helldivers/equipment/attachment/magazine/pdw_drum_magazine
content/fac_helldivers/equipment/attachment/magazine/pdw_extended_magazine
content/fac_helldivers/equipment/attachment/magazine/pdw_standard_magazine
content/fac_helldivers/equipment/attachment/magazine/pistol_magazine
content/fac_helldivers/equipment/attachment/magazine/pistol_magazine_extended
content/fac_helldivers/equipment/attachment/magazine/railgun_magazine
content/fac_helldivers/equipment/attachment/magazine/smg_helghast_magazine
content/fac_helldivers/equipment/attachment/magazine/assaultrifle_rico_magazine_standard
content/fac_helldivers/equipment/attachment/magazine/automatic_pistol_extended_magazine
content/fac_helldivers/equipment/attachment/magazine/automatic_pistol_standard_magazine
content/fac_helldivers/equipment/attachment/magazine/battle_rifle_standard_magazine
content/fac_helldivers/equipment/attachment/magazine/crossbow_greyfax_explosive_magazine
content/fac_helldivers/equipment/attachment/magazine/flamethrower_ripley_canister
content/fac_helldivers/equipment/attachment/magazine/grenade_launcher_ammo_box
content/fac_helldivers/equipment/attachment/magazine/grenade_launcher_ammo_frag
content/fac_helldivers/equipment/attachment/magazine/magnum_pistol_magazine_standard
content/fac_helldivers/equipment/attachment/magazine/marksmanrifle_extended_magazine
content/fac_helldivers/equipment/attachment/magazine/marksmanrifle_short_magazine
content/fac_helldivers/equipment/attachment/magazine/marksmanrifle_standard_magazine
content/fac_helldivers/equipment/attachment/magazine/pistol_magazine_fastreload
content/fac_helldivers/equipment/attachment/magazine/smg_defender_extended_magazine
content/fac_helldivers/equipment/attachment/magazine/smg_defender_standard_magazine
content/fac_helldivers/equipment/attachment/magazine/smg_rhino_standard_magazine
content/fac_helldivers/equipment/attachment/magazine/sniperrifle_standard_magazine
content/fac_helldivers/equipment/attachment/magazine/vigilance_magazine_extended
content/fac_helldivers/equipment/attachment/magazine/vigilance_magazine_standard
content/fac_helldivers/equipment/attachment/muzzle/muzzle_12g_duckbill
content/fac_helldivers/equipment/attachment/muzzle/muzzle_12g_full_choke
content/fac_helldivers/equipment/attachment/muzzle/muzzle_12g_half_choke
content/fac_helldivers/equipment/attachment/muzzle/muzzle_12g_standard
content/fac_helldivers/equipment/attachment/muzzle/muzzle_12mm_compensator
content/fac_helldivers/equipment/attachment/muzzle/muzzle_12mm_flashhider
content/fac_helldivers/equipment/attachment/muzzle/muzzle_12mm_suppressor
content/fac_helldivers/equipment/attachment/muzzle/muzzle_15mm_compensator
content/fac_helldivers/equipment/attachment/muzzle/muzzle_15mm_flashhider
content/fac_helldivers/equipment/attachment/muzzle/muzzle_5mm_compensator
content/fac_helldivers/equipment/attachment/muzzle/muzzle_5mm_flashhider
content/fac_helldivers/equipment/attachment/muzzle/muzzle_5mm_suppressor
content/fac_helldivers/equipment/attachment/muzzle/muzzle_8mm_compensator
content/fac_helldivers/equipment/attachment/muzzle/muzzle_8mm_flashhider
content/fac_helldivers/equipment/attachment/muzzle/muzzle_9mm_compensator
content/fac_helldivers/equipment/attachment/muzzle/muzzle_9mm_flashhider
content/fac_helldivers/equipment/attachment/muzzle/muzzle_9mm_suppressor
content/fac_helldivers/equipment/attachment/muzzle/muzzle_revolver_long
content/fac_helldivers/equipment/attachment/muzzle/muzzle_revolver_medium
content/fac_helldivers/equipment/attachment/muzzle/muzzle_revolver_short
content/fac_helldivers/equipment/attachment/optics/optics_highpower_scope
content/fac_helldivers/equipment/attachment/optics/optics_highpower_scope_02
content/fac_helldivers/equipment/attachment/optics/optics_ironsight
content/fac_helldivers/equipment/attachment/optics/optics_railgun
content/fac_helldivers/equipment/attachment/optics/optics_reddot
content/fac_helldivers/equipment/attachment/optics/optics_reddot_02
content/fac_helldivers/equipment/attachment/optics/optics_reddot_03
content/fac_helldivers/equipment/attachment/optics/optics_reddot_04
content/fac_helldivers/equipment/attachment/optics/sniper_rifle_helghast_scope
content/fac_helldivers/equipment/attachment/muzzle/muzzle_plasma_choke
content/fac_helldivers/equipment/attachment/muzzle/muzzle_plasma_compensator
content/fac_helldivers/equipment/attachment/muzzle/muzzle_plasma_volatile
content/env_cyborg/cyborg_bunker/cyborg_bunker
content/env_cyborg/cyborg_factory_chimney/cyborg_factory_chimney
content/env_cyborg/cyborg_turret_aa_base/cyborg_turret_aa_base
content/env_cyborg/cyborg_turret_base/cyborg_turret_base
content/env_cyborg/cyborg_turret_tall/cyborg_turret_tall
content/env_cyborg/gameplay/colony_cyborg_spawner/colony_cyborg_spawner
content/env_cyborg/gameplay_structures/cy_explosive_battery_01
content/env_cyborg/gameplay_structures/cy_explosive_battery_3x2
content/env_cyborg/gameplay_structures/cy_explosive_battery_bunched
content/env_cyborg/gameplay_structures/cy_landingpad_01
content/env_cyborg/gameplay_structures/cy_mine_01
content/env_super_earth/habs/signs/poster_ministry_defense_01
content/env_super_earth/habs/signs/poster_ministry_expansion_01
content/env_super_earth/habs/signs/poster_ministry_expansion_02
content/env_super_earth/habs/signs/poster_ministry_truth_01
content/env_super_earth/habs/signs/poster_ministry_truth_02
content/env_super_earth/habs/signs/poster_ministry_unity_01
content/env_super_earth/habs/signs/poster_ministry_unity_02
content/env_super_earth/habs/signs/poster_sign_grand_opening
content/env_super_earth/habs/utilities/habs_ground_tank_01
content/env_super_earth/habs/utilities/weather_vane_short_01
content/env_super_earth/habs/utilities/weather_vane_tall_01
content/env_super_earth/industrial/airport/air_control_tower
content/env_super_earth/industrial/airport/airport_bag_01
content/env_super_earth/industrial/airport/airport_chair_2_seats_01
content/env_super_earth/industrial/airport/airport_chair_4_seats_01
content/env_super_earth/industrial/airport/airport_luggage_01
content/env_super_earth/industrial/airport/airport_table_01
content/env_super_earth/industrial/airport/hangar_01
content/env_super_earth/industrial/airport/propaganda_screen_01
content/env_super_earth/industrial/airport/propaganda_screen_02
content/env_super_earth/industrial/airport/shuttle_bay_building
content/env_super_earth/military_base/bunker_cache/bunker_cache
content/env_super_earth/tutorial/big_tv_screen_01/big_tv_screen_01
content/env_super_earth/tutorial/control_tower_01/control_tower_01
content/env_super_earth/tutorial/door_01/door_01
content/env_super_earth/tutorial/helldiver_emblem_01/helldiver_emblem_01
content/env_super_earth/tutorial/helldummy_01/helldummy_01
content/env_super_earth/tutorial/marble_block_01
content/env_super_earth/tutorial/sign_welcome_cape
content/fac_cyborgs/cha_conscript/cha_conscript_iron_fleet
content/fac_cyborgs/equipment/attachment/lieutenant_flag/lieutenant_flag
content/fac_cyborgs/equipment/backpacks/conscript_backpack_lmg/conscript_backpack_lmg
content/fac_cyborgs/equipment/backpacks/conscript_jumppack/conscript_jumppack
content/fac_cyborgs/equipment/backpacks/lieutenant_jetpack/lieutenant_jetpack
content/fac_cyborgs/equipment/weapons/conscript_cannon/conscript_cannon
content/fac_cyborgs/equipment/weapons/conscript_flamer/conscript_flamer
content/fac_cyborgs/equipment/weapons/conscript_grenade_he/conscript_grenade_he
content/fac_cyborgs/equipment/weapons/conscript_handgun/conscript_handgun
content/fac_cyborgs/equipment/weapons/conscript_lmg/conscript_lmg
content/fac_cyborgs/equipment/weapons/conscript_melee_claw/conscript_melee_claw
content/fac_cyborgs/equipment/weapons/conscript_smg/conscript_smg
content/fac_cyborgs/equipment/weapons/soldier_chainsaw/soldier_chainsaw
content/fac_cyborgs/equipment/weapons/soldier_machinegun/soldier_machinegun
content/fac_cyborgs/equipment/weapons/soldier_riotgun/soldier_riotgun
content/fac_cyborgs/equipment/weapons/soldier_shield/soldier_shield
content/fac_cyborgs/equipment/weapons/soldier_shield/soldier_shield_ivory_legion
content/fac_cyborgs/equipment/weapons/soldier_standard_rifle/soldier_standard_rifle
content/env_cyborg/fortifications/banner_01
content/env_cyborg/fortifications/banner_02
content/env_cyborg/fortifications/banner_03
content/env_cyborg/fortifications/banner_03_skulls
content/env_cyborg/fortifications/barbwire_01
content/env_cyborg/fortifications/barbwire_decoration_01
content/env_cyborg/fortifications/barbwire_scrap_01
content/env_cyborg/fortifications/cy_trench_wall_3m_x2
content/env_cyborg/fortifications/cy_trench_wall_3m_x4
content/env_cyborg/fortifications/cy_trench_wall_3m_x6
content/env_cyborg/fortifications/cy_trench_wall_medium_3m_x2
content/env_cyborg/fortifications/cy_trench_wall_medium_3m_x4
content/env_cyborg/fortifications/cy_trench_wall_medium_3m_x6
content/env_cyborg/fortifications/head_spike_01
content/env_cyborg/fortifications/head_spike_02
content/env_cyborg/fortifications/head_spike_03
content/env_cyborg/fortifications/reinforced_bridge_01
content/env_cyborg/fortifications/scaffolding_ramp_01
content/env_cyborg/fortifications/scaffolding_support_01
content/env_cyborg/fortifications/scaffolding_support_02
content/env_cyborg/fortifications/scaffolding_walkway_01
content/env_cyborg/fortifications/tank_spikes_3m_01
content/env_cyborg/fortifications/trench_floor_01
content/env_cyborg/fortifications/trench_floor_1x2
content/env_cyborg/fortifications/trench_floor_1x3
content/env_cyborg/fortifications/trench_floor_corner_01
content/env_cyborg/fortifications/trench_wall_1m_01
content/env_cyborg/fortifications/trench_wall_3m_01
content/env_cyborg/fortifications/trench_wall_3m_135degree_01
content/env_cyborg/fortifications/trench_wall_3m_storage_01
content/env_cyborg/fortifications/trench_wall_medium_1m_01
content/env_cyborg/fortifications/trench_wall_medium_3m_01
content/env_cyborg/fortifications/trench_wall_medium_3m_02
content/env_cyborg/fortifications/trench_wall_medium_3m_135degree_01
content/env_cyborg/fortifications/trench_wall_medium_3m_slope_left_01
content/env_cyborg/fortifications/trench_wall_medium_3m_slope_right_01
content/env_cyborg/fortifications/trench_wall_medium_pillar_01
content/env_cyborg/fortifications/trench_wall_medium_pillar_02
content/env_cyborg/fortifications/trench_wall_pillar_01
content/env_illuminate/props/il_circular_platform_01
content/env_shared/assets/damage_plane/damage_plane
content/env_shared/assets/kill_volume/kill_volume
content/env_shared/assets/props/body_bags/body_bag_01
content/env_shared/assets/props/body_bags/body_bag_02
content/env_shared/assets/props/body_bags/body_bag_03
content/env_shared/assets/props/body_bags/body_bag_pile
content/env_shared/assets/props/cables/cable_01
content/env_shared/assets/props/cables/cable_02
content/env_shared/assets/props/cables/cable_03
content/env_shared/assets/props/cables/cable_04
content/env_shared/assets/props/equipment/helldiver_head_01
content/env_shared/assets/props/equipment/helldiver_left_arm_01
content/env_shared/assets/props/equipment/helldiver_legs_01
content/env_shared/assets/props/equipment/helldiver_right_arm_01
content/env_shared/assets/props/equipment/helldiver_torso_01
content/env_shared/assets/props/equipment/seaf_helmet
content/env_shared/assets/reverb_volume/reverb_volume
content/env_shared/assets/trees/huge_log_01
content/env_shared/assets/trees/log_large_01
content/env_shared/assets/trees/log_large_02
content/env_shared/assets/trees/log_large_03
content/env_shared/assets/trees/log_medium_01
content/env_shared/assets/trees/log_medium_02
content/env_shared/assets/trees/log_small_01
content/env_shared/assets/trees/stump_huge_01
content/env_shared/assets/trees/stump_large_01
content/env_shared/assets/trees/stump_medium_01
content/env_shared_arctic/assets/ice/ice_icicle_01
content/env_shared_arctic/assets/ice/ice_icicle_02
content/env_shared_arctic/assets/ice/ice_icicle_03
content/env_shared_arctic/assets/ice/ice_rubble_01
content/env_shared_arctic/assets/ice/ice_structure_01
content/env_shared_arctic/assets/ice/ice_structure_02
content/env_shared_arctic/assets/ice/ice_structure_03
content/env_shared_arctic/assets/ice/ice_wall_06
content/env_shared_arctic/assets/ice/icicle_stalagmites_01
content/env_shared_arctic/assets/ice/icicle_stalagmites_02
content/env_shared_arctic/assets/ice/icicle_stalagmites_03
content/env_shared_arctic/assets/ice/icicle_stalagmites_04
content/env_shared_forest/assets/logs/alien_tree_log_02
content/fac_cyborgs/equipment/weapons/conscript_handgun/conscript_flaregun
content/fac_super_earth/vehicles/forklift/forklift
content/objectives/obj_common/civilian_spawn_door/civilian_spawn_door
content/objectives/obj_common/oil_hose_connection/oil_hose_connection
content/objectives/obj_common/research_station/research_station
content/objectives/obj_common/sam_site/sam_site_foundation_01
content/objectives/obj_common/sam_site/sam_trenchwall_01
content/objectives/obj_common/seaf_artillery/seaf_shell_high_yield
content/objectives/obj_common/seaf_artillery/seaf_shell_mini_nuke
content/objectives/obj_common/seaf_artillery/seaf_shell_napalm
content/objectives/obj_common/seaf_artillery/seaf_shell_regular
content/objectives/obj_common/seaf_artillery/seaf_shell_smoke
content/objectives/obj_common/seaf_artillery/seaf_shell_static_field
content/objectives/obj_common/seismic_probe/seismic_probe
content/objectives/obj_common/tunnel_prospecting/tunnel_prospecting
content/objectives/obj_cyborgs/cyborg_airbase_control_tower/cyborg_carry_data
content/objectives/obj_cyborgs/cyborg_carry_data/cy_carry_data
content/objectives/obj_cyborgs/cyborg_network_tower/cy_network_tower
content/objectives/obj_cyborgs/cyborg_network_tower/cy_network_tower_dish
content/objectives/obj_cyborgs/cyborg_uranium_silo/cy_uranium_silo
content/art_shared/meshes/cube_navmesh_cutter
content/art_shared/meshes/cube_navmesh_volume
content/art_shared/meshes/navmesh_path
content/art_shared/meshes/plane_primitive
content/art_shared/meshes/cube_navmesh_cutter
content/art_shared/meshes/cube_navmesh_volume
content/art_shared/meshes/navmesh_path
content/art_shared/meshes/plane_primitive
content/env_super_earth/tutorial/sign_diversity_poster_01
content/env_super_earth/tutorial/stabmachine/stab_machine
content/objectives/obj_bugs/super_syringe/super_syringe
content/fac_helldivers/equipment/backpacks/ballistic_shield_backpack_mk2/ballistic_shield_backpack_mk2
content/fac_helldivers/equipment/backpacks/ballistic_shield_backpack_small/ballistic_shield_backpack_small
content/fac_helldivers/equipment/backpacks/drone_weapons/drone_gas_projector/drone_gas_projector
content/fac_helldivers/equipment/backpacks/drone_weapons/drone_laser_rifle/drone_laser_rifle
content/env_cyborg/cyborg_base/cyborg_tank_trap
content/env_cyborg/cyborg_crane_01/cy_crane_01
content/env_cyborg/cyborg_lights/detail_light_01
content/env_cyborg/cyborg_lights/flood_light_01
content/env_cyborg/cyborg_lights/flood_light_02
content/env_cyborg/cyborg_lights/flood_light_stand_01
content/env_cyborg/cyborg_lights/flood_light_top_01
content/env_cyborg/cyborg_lights/light_pole_01
content/env_cyborg/cyborg_lights/light_pole_02
content/env_cyborg/cyborg_lights/search_light_air
content/env_cyborg/cyborg_lights/search_light_air_large
content/env_cyborg/cyborg_lights/search_light_ground
content/env_ship/hangar/robotic_arm_01/robotic_arm_01
content/fac_illuminate/equipment/illuminate_adept_circle/illuminate_adept_circle
content/fac_illuminate/equipment/weapons/jet_champion_grenade/jet_champion_grenade
content/fac_illuminate/equipment/weapons/jet_champion_rifle/jet_champion_rifle
content/fac_illuminate/equipment/weapons/pathfinder_lightspear/pathfinder_lightspear
content/objectives/obj_illuminate/il_stratagem_scrambler/il_scrambler_battery
content/objectives/obj_illuminate/il_stratagem_scrambler/il_stratagem_scrambler
content/env_shared/assets/bones_creature/bone_creature_01
content/env_shared/assets/bones_creature/bone_creature_02
content/env_shared/assets/bones_creature/bone_creature_03
content/env_shared/assets/bones_creature/bone_creature_04
content/env_shared/assets/bones_creature/bone_creature_05
content/env_shared/assets/bones_creature/bone_creature_06
content/env_shared/assets/bones_creature/bone_creature_07
content/env_shared/assets/bones_creature/bone_creature_08
content/env_shared/assets/bones_creature/bone_creature_09
content/env_shared/assets/bones_creature/bone_creature_10
content/env_shared/assets/bones_creature/bone_creature_11
content/env_shared/assets/bones_creature/bone_creature_12
content/env_shared/assets/bones_creature/bone_creature_13
content/env_shared/assets/bones_creature/bone_creature_14
content/env_shared/assets/bones_creature/corpse_hive_lord
content/env_shared/assets/bones_creature/hive_lord_endpiece
content/env_shared/assets/bones_creature/hive_lord_head
content/env_shared/assets/bones_creature/hive_lord_large_mandible
content/env_shared/assets/bones_creature/hive_lord_leg
content/env_shared/assets/bones_creature/hive_lord_midpiece
content/env_shared/assets/bones_creature/hive_lord_small_mandible
content/env_shared/assets/generic_debris/generic_debris_clean
content/env_shared/assets/generic_debris/generic_debris_huge_01
content/env_shared/assets/generic_debris/generic_debris_large_01
content/env_shared/assets/generic_debris/generic_debris_large_02
content/env_shared/assets/generic_debris/generic_debris_large_03
content/env_shared/assets/generic_debris/generic_debris_large_04
content/env_shared/assets/generic_debris/generic_debris_large_05
content/env_shared/assets/generic_debris/generic_debris_large_06
content/env_shared/assets/generic_debris/generic_debris_medium_01
content/env_shared/assets/generic_debris/generic_debris_medium_010
content/env_shared/assets/generic_debris/generic_debris_medium_011
content/env_shared/assets/generic_debris/generic_debris_medium_012
content/env_shared/assets/generic_debris/generic_debris_medium_013
content/env_shared/assets/generic_debris/generic_debris_medium_02
content/env_shared/assets/generic_debris/generic_debris_medium_03
content/env_shared/assets/generic_debris/generic_debris_medium_04
content/env_shared/assets/generic_debris/generic_debris_medium_05
content/env_shared/assets/generic_debris/generic_debris_medium_06
content/env_shared/assets/generic_debris/generic_debris_medium_07
content/env_shared/assets/generic_debris/generic_debris_medium_08
content/env_shared/assets/generic_debris/generic_debris_medium_09
content/env_shared/assets/generic_debris/generic_debris_mix
content/env_shared/assets/generic_debris/generic_debris_rust
content/env_shared/assets/generic_debris/generic_debris_set_cover_01
content/env_shared/assets/generic_debris/generic_debris_set_cover_02
content/env_shared/assets/generic_debris/generic_debris_set_detail_01
content/env_shared/assets/generic_debris/generic_debris_set_detail_02
content/env_shared/assets/generic_debris/generic_debris_set_filler_huge_01
content/env_shared/assets/generic_debris/generic_debris_set_filler_huge_02
content/env_shared/assets/generic_debris/generic_debris_set_filler_lrg_01
content/env_shared/assets/generic_debris/generic_debris_set_filler_lrg_02
content/env_shared/assets/generic_debris/generic_debris_set_filler_med_01
content/env_shared/assets/generic_debris/generic_debris_set_filler_med_02
content/env_shared/assets/generic_debris/generic_debris_set_filler_sml_01
content/env_shared/assets/generic_debris/generic_debris_set_filler_sml_02
content/env_shared/assets/generic_debris/generic_debris_set_hero_01
content/env_shared/assets/generic_debris/generic_debris_small_01
content/env_shared/assets/generic_debris/generic_debris_small_010
content/env_shared/assets/generic_debris/generic_debris_small_011
content/env_shared/assets/generic_debris/generic_debris_small_012
content/env_shared/assets/generic_debris/generic_debris_small_013
content/env_shared/assets/generic_debris/generic_debris_small_014
content/env_shared/assets/generic_debris/generic_debris_small_02
content/env_shared/assets/generic_debris/generic_debris_small_03
content/env_shared/assets/generic_debris/generic_debris_small_04
content/env_shared/assets/generic_debris/generic_debris_small_05
content/env_shared/assets/generic_debris/generic_debris_small_06
content/env_shared/assets/generic_debris/generic_debris_small_07
content/env_shared/assets/generic_debris/generic_debris_small_08
content/env_shared/assets/generic_debris/generic_debris_small_09
content/env_shared/assets/rocks/neutral/rock_balancing_01
content/env_shared/assets/rocks/neutral/rock_cliff_face_01
content/env_shared/assets/rocks/neutral/rock_cliff_face_02
content/env_shared/assets/rocks/neutral/rock_climbing_01
content/env_shared/assets/rocks/neutral/rock_flat_01
content/env_shared/assets/rocks/neutral/rock_hero_pillar_01
content/env_shared/assets/rocks/neutral/rock_huge_01
content/env_shared/assets/rocks/neutral/rock_huge_02
content/env_shared/assets/rocks/neutral/rock_huge_03
content/env_shared/assets/rocks/neutral/rock_huge_07
content/env_shared/assets/rocks/neutral/rock_huge_08
content/env_shared/assets/rocks/neutral/rock_large_01
content/env_shared/assets/rocks/neutral/rock_large_02
content/env_shared/assets/rocks/neutral/rock_large_03
content/env_shared/assets/rocks/neutral/rock_large_04
content/env_shared/assets/rocks/neutral/rock_large_05
content/env_shared/assets/rocks/neutral/rock_large_06
content/env_shared/assets/rocks/neutral/rock_medium_01
content/env_shared/assets/rocks/neutral/rock_medium_02
content/env_shared/assets/rocks/neutral/rock_mountain_01
content/env_shared/assets/rocks/neutral/rock_mountain_02
content/env_shared/assets/rocks/neutral/rock_mountain_03
content/env_shared/assets/rocks/neutral/rock_mountain_04
content/env_shared/assets/rocks/neutral/rock_mountain_05
content/env_shared/assets/rocks/neutral/rock_mountain_wall_01
content/env_shared/assets/rocks/neutral/rock_pillar_01
content/env_shared/assets/rocks/neutral/rock_pillar_02
content/env_shared/assets/rocks/neutral/rock_pillar_03
content/env_shared/assets/rocks/neutral/rock_pillar_04
content/env_shared/assets/rocks/neutral/rock_pillar_05
content/env_shared/assets/rocks/neutral/rock_pillar_06
content/env_shared/assets/rocks/neutral/rock_ramp_01
content/env_shared/assets/rocks/neutral/rock_rubble_01
content/env_shared/assets/rocks/neutral/rock_rubble_02
content/env_shared/assets/rocks/neutral/rock_rubble_03
content/env_shared/assets/rocks/neutral/rock_rubble_04
content/env_shared/assets/rocks/neutral/rock_small_01
content/env_shared/assets/rocks/neutral/rock_trench_01
content/env_shared/assets/rocks/neutral/rock_trench_02
content/env_shared/assets/rocks/neutral/savanna_rock_trench_01
content/env_shared/assets/rocks/sharp/rocky_mountain_01
content/env_shared/assets/rocks/sharp/rocky_mountain_02
content/env_shared/assets/rocks/sharp/rocky_mountain_03
content/env_shared/assets/rocks/sharp/rocky_pillar_01
content/env_shared/assets/rocks/sharp/rocky_pillar_02
content/env_shared/assets/rocks/sharp/rocky_rock_large_01
content/env_shared/assets/rocks/sharp/rocky_rock_medium_01
content/env_shared/assets/rocks/sharp/rocky_rock_small_01
content/env_shared/assets/rocks/sharp/rocky_talus_01
content/env_shared/assets/rocks/sharp/rocky_talus_02
content/env_shared_forest/assets/speedtrees/forest/forest_tree_01_gibs
content/env_shared_forest/assets/speedtrees/forest/forest_tree_02_gibs
content/env_shared_forest/assets/speedtrees/forest/forest_tree_03_gibs
content/env_shared_forest/assets/speedtrees/forest/forest_tree_04_gibs
content/env_ship/upgrade_modules/box_hangar_01
content/env_ship/upgrade_modules/ceiling_lamp_long_02
content/env_ship/upgrade_modules/computer_hub_01
content/env_ship/upgrade_modules/computer_hub_02
content/env_ship/upgrade_modules/computer_tablet
content/env_ship/upgrade_modules/console_table_01
content/env_ship/upgrade_modules/console_table_02
content/env_ship/upgrade_modules/cooling_server_01
content/env_ship/upgrade_modules/cooling_server_02
content/env_ship/upgrade_modules/data_hub_lvl_2
content/env_ship/upgrade_modules/data_hub_lvl_3
content/env_ship/upgrade_modules/entrance_plate_01
content/env_ship/upgrade_modules/floor_piece_middle
content/env_ship/upgrade_modules/floor_piece_side
content/env_ship/upgrade_modules/floor_piece_wings
content/env_ship/upgrade_modules/handtruck_01
content/env_ship/upgrade_modules/handtruck_02
content/env_ship/upgrade_modules/hangar_box_supplies_01
content/env_ship/upgrade_modules/helldiver_emblem_01
content/env_ship/upgrade_modules/helldiver_emblem_01_gold
content/env_ship/upgrade_modules/pallet_01
content/env_ship/upgrade_modules/pillar_01
content/env_super_earth/habs/corporation_props/blue_corp_gun_locker_01
content/env_super_earth/habs/corporation_props/blue_corp_pickaxe_01
content/env_super_earth/habs/corporation_props/blue_corp_spade_01
content/env_super_earth/habs/corporation_props/blue_corp_weather_vane_01
content/env_super_earth/habs/corporation_props/green_corp_biosphere_01
content/env_super_earth/habs/corporation_props/green_corp_biosphere_02
content/objectives/obj_bugs/central_core/central_core_hole_01
content/objectives/obj_bugs/central_core/central_core_hole_plug_01
content/objectives/obj_bugs/central_core/central_core_hole_plug_02
content/objectives/obj_illuminate/il_stratagem_scrambler/il_scrambler_battery
content/objectives/obj_illuminate/il_stratagem_scrambler/il_stratagem_scrambler
content/planet_forest_moor/assets/moss/moor_mossy_pillow_01
content/planet_forest_moor/assets/moss/moor_mossy_pillow_02
content/planet_forest_moor/assets/moss/moor_mossy_pillow_03
content/planet_forest_moor/assets/speedtrees/moor_arid_tree_set_01_gibs
content/planet_forest_moor/assets/speedtrees/moor_arid_tree_set_02_gibs
content/planet_forest_moor/assets/speedtrees/moor_arid_tree_set_03_gibs
content/planet_forest_moor/assets/speedtrees/moor_arid_tree_set_04_gibs
content/planet_forest_moor/assets/speedtrees/moor_pinetree_01_gibs
content/planet_forest_moor/assets/speedtrees/moor_pinetree_02_gibs
content/planet_forest_moor/assets/speedtrees/moor_pinetree_03_gibs
content/env_super_earth/colonies/curbs/se_colony_curb_22x22
content/env_super_earth/colonies/curbs/se_colony_curb_22x54
content/env_super_earth/colonies/curbs/se_colony_curb_22x86
content/env_super_earth/colonies/curbs/se_colony_curb_54x54
content/env_super_earth/colonies/curbs/se_colony_curb_54x86
content/env_super_earth/colonies/curbs/se_colony_curb_86x86
content/env_super_earth/colonies/curbs/se_colony_curb_inner_corner_01
content/env_super_earth/colonies/curbs/se_colony_curb_inner_corner_02
content/env_super_earth/colonies/curbs/se_colony_curb_outer_corner_01
content/env_super_earth/colonies/curbs/se_colony_curb_straight_17m
content/env_super_earth/colonies/curbs/se_colony_curb_straight_24_50_m
content/env_super_earth/colonies/curbs/se_colony_curb_straight_2_50_m
content/env_super_earth/colonies/curbs/se_colony_curb_straight_2m
content/env_super_earth/colonies/curbs/se_colony_curb_straight_49m
content/env_super_earth/colonies/curbs/se_colony_curb_straight_4m
content/env_super_earth/colonies/curbs/se_colony_curb_straight_4m_02
content/env_super_earth/colonies/curbs/se_colony_curb_straight_81m
content/env_super_earth/colonies/curbs/se_colony_ground_primitive
content/env_super_earth/habs/structures/habs_landing_pad_01
content/env_super_earth/habs/structures/habs_landing_pad_ramp_01
content/env_super_earth/habs/structures/habs_platform_01
content/env_super_earth/habs/structures/habs_platform_02
content/env_super_earth/habs/structures/habs_platform_03
content/env_super_earth/habs/structures/habs_platform_04
content/env_super_earth/habs/structures/habs_platform_05
content/env_super_earth/habs/structures/habs_platform_1x2
content/env_super_earth/habs/structures/habs_platform_1x4
content/env_super_earth/habs/structures/habs_platform_3x3
content/env_super_earth/habs/structures/habs_platform_staris_01
content/env_super_earth/habs/structures/habs_railing_1m
content/env_super_earth/habs/structures/habs_railing_1m_cover
content/env_super_earth/habs/structures/habs_railing_2m
content/env_super_earth/habs/structures/habs_railing_2m_cover
content/env_super_earth/habs/structures/habs_railing_corner
content/env_super_earth/habs/structures/habs_railing_corner_cover
content/env_super_earth/habs/structures/habs_stairs_door_short_straight_01
content/env_super_earth/habs/structures/habs_stairs_roof_exit_01
content/env_super_earth/habs/structures/habs_stairs_roof_exit_left_01
content/env_super_earth/habs/structures/habs_stairs_roof_exit_railing_01
content/env_super_earth/habs/structures/habs_stairs_roof_exit_right_01
content/env_super_earth/habs/structures/ruin_base_floor
content/env_super_earth/habs/structures/ruin_cover_corner_1m_01
content/env_super_earth/habs/structures/ruin_cover_straight_1m_01
content/env_super_earth/habs/structures/ruin_cover_straight_1m_02
content/env_super_earth/habs/structures/ruin_cover_straight_2m_01
content/env_super_earth/habs/structures/ruin_cover_straight_2m_02
content/env_super_earth/habs/structures/ruin_cover_straight_2m_03
content/env_super_earth/habs/structures/ruin_cover_straight_2m_04
content/env_super_earth/habs/structures/ruin_cover_straight_3m_01
content/env_super_earth/habs/structures/ruin_cover_straight_3m_02
content/env_super_earth/habs/structures/ruin_debris_corner_1m_01
content/env_super_earth/habs/structures/ruin_debris_straight_1m_01
content/env_super_earth/habs/structures/ruin_debris_straight_2m_01
content/env_super_earth/habs/structures/ruin_debris_straight_3m_01
content/env_super_earth/habs/structures/ruin_scrap_heap_5m_01
content/env_super_earth/habs/structures/ruin_scrap_heap_corner_5m_01
content/env_super_earth/habs/structures/ruin_scrap_heap_floor_2m_01
content/env_super_earth/habs/structures/ruin_scrap_heap_floor_4m_01
content/env_super_earth/military_base/helldiver_statue_salute/helldiver_statue_salute
content/fac_helldivers/vehicles/combat_walker_wreck/combat_walker_wreck
content/fac_helldivers/vehicles/shuttle_gunship_static/shuttle_gunship_static
content/env_super_earth/military_base/pillbox_walls/se_pillbox_floor
content/env_super_earth/military_base/pillbox_walls/se_pillbox_pillar
content/env_super_earth/military_base/pillbox_walls/se_pillbox_wall
content/env_super_earth/military_base/pillbox_walls/se_pillbox_wall_30
content/env_super_earth/military_base/pillbox_walls/se_pillbox_wall_45
content/env_super_earth/military_base/pillbox_walls/se_pillbox_wall_60
content/env_super_earth/industrial/airport/shuttle_bay_building_antenna
content/env_super_earth/industrial/airport/shuttle_bay_building_entrance
content/env_super_earth/military_base/big_wall_kit/se_wall_pillar
content/env_super_earth/military_base/big_wall_kit/se_wall_tall
content/env_super_earth/military_base/big_wall_kit/se_wallbig_buttress
content/env_super_earth/military_base/big_wall_kit/se_wallbig_pillar
content/env_super_earth/military_base/big_wall_kit/se_wallbig_pillar_top
content/env_super_earth/military_base/big_wall_kit/se_wallbig_wall_halfpipe_full
content/env_super_earth/military_base/big_wall_kit/se_wallbig_wall_halfpipe_third
content/env_super_earth/military_base/big_wall_kit/se_wallbig_wall_straight_full
content/env_super_earth/military_base/big_wall_kit/se_wallbig_wall_straight_third
content/env_super_earth/military_base/big_wall_kit/se_wallbig_wall_top_full
content/env_super_earth/military_base/big_wall_kit/se_wallbig_wall_top_third
content/fac_cyborgs/turrets/cyborg_turret_command_bunker_hmg/cyborg_turret_command_bunker_hmg
content/objectives/obj_cyborgs/cyborg_command_bunker/cyborg_command_bunker_side
content/objectives/obj_cyborgs/cyborg_command_bunker/cyborg_command_bunker_top
content/env_super_earth/tutorial/sprint_room_terminal_01/sprint_room_terminal_01
content/fac_helldivers/equipment/attachment/magazine/jet_rifle_drum_magazine_ergo
content/fac_helldivers/equipment/attachment/magazine/jet_rifle_drum_magazine_large
content/fac_helldivers/equipment/attachment/magazine/jet_rifle_stick_magazine_large
content/fac_helldivers/equipment/throwables/frag_grenade/frag_grenade_spoon
content/fac_helldivers/hellpod/health_pack_rack/health_pack
content/art_shared/meshes/cube_primitive
content/env_illuminate/props/il_cover_wall_01
content/env_illuminate/props/il_cover_wall_02
content/env_illuminate/props/il_cover_wall_03
content/env_illuminate/props/il_cover_wall_04
content/env_illuminate/props/il_cover_wall_05
content/env_illuminate/props/il_cover_wall_end_01
content/env_illuminate/props/il_cover_wall_end_02
content/env_illuminate/props/il_cover_wall_end_03
content/env_illuminate/props/il_cover_wall_end_04
content/env_shared/assets/water_plane
content/env_super_earth/cities/buildings/12x8x6/001/12x8x6m_001
content/env_super_earth/cities/buildings/12x8xhigh/001/12x8xhigh_001
content/env_super_earth/cities/buildings/8x8x5/001/8x8x5_001
content/env_super_earth/cities/buildings/_proxies/16x08_proxy
content/env_super_earth/cities/buildings/_proxies/16x16_proxy
content/env_super_earth/cities/buildings/_proxies/24x12_destroyed_proxy
content/env_super_earth/cities/buildings/_proxies/24x12_proxy
content/env_super_earth/cities/buildings/_proxies/28x16_proxy
content/env_super_earth/cities/buildings/_proxies/32x24_proxy
content/env_super_earth/cities/buildings/_proxies/36x12_proxy
content/env_super_earth/cities/craters/geo/cities_crater_01
content/env_super_earth/cities/craters/geo/cities_crater_02
content/env_super_earth/cities/craters/geo/cities_crater_03
content/env_super_earth/cities/craters/geo/cities_crater_04
content/env_super_earth/habs/props/habs_crate_large_01_2stack
content/env_super_earth/habs/props/habs_crate_medium_01_2stack
content/env_super_earth/habs/props/habs_fence_rural_01_net_01
content/env_super_earth/habs/props/habs_fence_rural_01_pole_01
content/env_super_earth/habs/props/habs_landing_pad_01_light
content/env_super_earth/military_base/sandbags/sandbag_01
content/env_super_earth/military_base/sandbags/sandbag_02
content/env_super_earth/military_base/sandbags/sandbag_03
content/env_super_earth/military_base/sandbags/sandbag_pile_01
content/env_super_earth/military_base/sandbags/sandbag_pile_02
content/fac_helldivers/equipment/attachment/magazine/assault_rifle_helghast_magazine
content/fac_helldivers/equipment/attachment/magazine/assaultrifle_extended_magazine_fastreload
content/fac_helldivers/equipment/attachment/magazine/assaultrifle_standard_magazine_fastreload
content/fac_helldivers/equipment/attachment/magazine/pdw_drum_magazine_pepper
content/fac_helldivers/equipment/attachment/magazine/pdw_extended_magazine_pepper
content/fac_helldivers/equipment/attachment/magazine/pdw_standard_magazine_pepper
content/fac_helldivers/equipment/attachment/magazine/sniper_rifle_helghast_magazine
content/fac_helldivers/equipment/melee_weapons/ceremonial_saber/ceremonial_saber
content/fac_helldivers/equipment/melee_weapons/ceremonial_saber/ceremonial_saber_scabbard
content/fac_helldivers/equipment/melee_weapons/flag/melee_flag
content/fac_helldivers/equipment/primary_weapons/battle_rifle_ceremonial/battle_rifle_ceremonial
content/fac_helldivers/hellpod/flag_rack/flag_rack
content/fac_illuminate/cha_beamer_champion/cha_beamer_champion
content/fac_illuminate/cha_meatglue/cha_meatglue
content/fac_illuminate/equipment/weapons/beamer_champion_gun/beamer_champion_gun
content/objectives/obj_illuminate/il_mothership/il_mothership
content/objectives/obj_illuminate/il_mothership/il_mothership_shield
content/objectives/obj_super_earth/se_orbital_cannon/se_orbital_cannon
content/objectives/obj_super_earth/se_orbital_cannon/se_orbital_cannon_blocker
content/objectives/obj_super_earth/se_orbital_cannon/se_orbital_cannon_lock
content/objectives/obj_super_earth/se_orbital_cannon/se_orbital_cannon_shrub
content/fac_helldivers/equipment/throwables/zipper_grenade/zipper_grenade
content/fac_super_earth/cha_civilian/cha_civilian_base_01
content/env_super_earth/colonies/curbs/se_colony_curb_straight_2m_01b
content/env_super_earth/colonies/curbs/se_colony_curb_straight_4m_02b
content/fac_illuminate/cha_illuminate_guy_staff/cha_illuminate_guy_staff_fake
content/fac_illuminate/vehicles/illuminate_attack_ship/illuminate_attack_ship
content/fac_super_earth/cha_civilian/cha_civilian_base_female_01
content/fac_super_earth/cha_civilian/cha_civilian_industrial_male_01
content/fac_super_earth/cha_civilian/cha_civilian_scientific_female_01
content/fac_super_earth/cha_civilian/cha_civilian_scientific_male_01
content/fac_super_earth/vehicles/cargo_car/cargo_car
content/objectives/obj_illuminate/il_encounter_ship/il_encounter_ship_landed_shield
